{
  "Refund_not_showing_up": {
    "precision": 1.0,
    "recall": 0.875,
    "f1-score": 0.9333333333333333,
    "support": 40.0
  },
  "activate_my_card": {
    "precision": 1.0,
    "recall": 0.9,
    "f1-score": 0.9473684210526315,
    "support": 40.0
  },
  "age_limit": {
    "precision": 0.975609756097561,
    "recall": 1.0,
    "f1-score": 0.9876543209876543,
    "support": 40.0
  },
  "apple_pay_or_google_pay": {
    "precision": 0.975609756097561,
    "recall": 1.0,
    "f1-score": 0.9876543209876543,
    "support": 40.0
  },
  "atm_support": {
    "precision": 1.0,
    "recall": 0.95,
    "f1-score": 0.9743589743589743,
    "support": 40.0
  },
  "automatic_top_up": {
    "precision": 1.0,
    "recall": 0.875,
    "f1-score": 0.9333333333333333,
    "support": 40.0
  },
  "balance_not_updated_after_bank_transfer": {
    "precision": 0.7560975609756098,
    "recall": 0.775,
    "f1-score": 0.7654320987654321,
    "support": 40.0
  },
  "balance_not_updated_after_cheque_or_cash_deposit": {
    "precision": 0.926829268292683,
    "recall": 0.95,
    "f1-score": 0.9382716049382716,
    "support": 40.0
  },
  "beneficiary_not_allowed": {
    "precision": 0.868421052631579,
    "recall": 0.825,
    "f1-score": 0.8461538461538461,
    "support": 40.0
  },
  "cancel_transfer": {
    "precision": 0.9523809523809523,
    "recall": 1.0,
    "f1-score": 0.975609756097561,
    "support": 40.0
  },
  "card_about_to_expire": {
    "precision": 0.9302325581395349,
    "recall": 1.0,
    "f1-score": 0.963855421686747,
    "support": 40.0
  },
  "card_acceptance": {
    "precision": 0.9444444444444444,
    "recall": 0.85,
    "f1-score": 0.8947368421052632,
    "support": 40.0
  },
  "card_arrival": {
    "precision": 0.875,
    "recall": 0.875,
    "f1-score": 0.875,
    "support": 40.0
  },
  "card_delivery_estimate": {
    "precision": 0.8780487804878049,
    "recall": 0.9,
    "f1-score": 0.8888888888888888,
    "support": 40.0
  },
  "card_linking": {
    "precision": 0.8888888888888888,
    "recall": 1.0,
    "f1-score": 0.9411764705882353,
    "support": 40.0
  },
  "card_not_working": {
    "precision": 0.8636363636363636,
    "recall": 0.95,
    "f1-score": 0.9047619047619048,
    "support": 40.0
  },
  "card_payment_fee_charged": {
    "precision": 0.8085106382978723,
    "recall": 0.95,
    "f1-score": 0.8735632183908046,
    "support": 40.0
  },
  "card_payment_not_recognised": {
    "precision": 0.8378378378378378,
    "recall": 0.775,
    "f1-score": 0.8051948051948052,
    "support": 40.0
  },
  "card_payment_wrong_exchange_rate": {
    "precision": 0.9047619047619048,
    "recall": 0.95,
    "f1-score": 0.926829268292683,
    "support": 40.0
  },
  "card_swallowed": {
    "precision": 1.0,
    "recall": 0.875,
    "f1-score": 0.9333333333333333,
    "support": 40.0
  },
  "cash_withdrawal_charge": {
    "precision": 0.95,
    "recall": 0.95,
    "f1-score": 0.95,
    "support": 40.0
  },
  "cash_withdrawal_not_recognised": {
    "precision": 0.723404255319149,
    "recall": 0.85,
    "f1-score": 0.7816091954022989,
    "support": 40.0
  },
  "change_pin": {
    "precision": 0.9512195121951219,
    "recall": 0.975,
    "f1-score": 0.9629629629629629,
    "support": 40.0
  },
  "compromised_card": {
    "precision": 0.8611111111111112,
    "recall": 0.775,
    "f1-score": 0.8157894736842105,
    "support": 40.0
  },
  "contactless_not_working": {
    "precision": 1.0,
    "recall": 0.875,
    "f1-score": 0.9333333333333333,
    "support": 40.0
  },
  "country_support": {
    "precision": 0.9302325581395349,
    "recall": 1.0,
    "f1-score": 0.963855421686747,
    "support": 40.0
  },
  "declined_card_payment": {
    "precision": 0.75,
    "recall": 0.975,
    "f1-score": 0.8478260869565217,
    "support": 40.0
  },
  "declined_cash_withdrawal": {
    "precision": 0.8478260869565217,
    "recall": 0.975,
    "f1-score": 0.9069767441860465,
    "support": 40.0
  },
  "declined_transfer": {
    "precision": 0.9655172413793104,
    "recall": 0.7,
    "f1-score": 0.8115942028985508,
    "support": 40.0
  },
  "direct_debit_payment_not_recognised": {
    "precision": 0.8888888888888888,
    "recall": 0.8,
    "f1-score": 0.8421052631578947,
    "support": 40.0
  },
  "disposable_card_limits": {
    "precision": 0.9210526315789473,
    "recall": 0.875,
    "f1-score": 0.8974358974358975,
    "support": 40.0
  },
  "edit_personal_details": {
    "precision": 1.0,
    "recall": 1.0,
    "f1-score": 1.0,
    "support": 40.0
  },
  "exchange_charge": {
    "precision": 0.9736842105263158,
    "recall": 0.925,
    "f1-score": 0.9487179487179487,
    "support": 40.0
  },
  "exchange_rate": {
    "precision": 0.9285714285714286,
    "recall": 0.975,
    "f1-score": 0.9512195121951219,
    "support": 40.0
  },
  "exchange_via_app": {
    "precision": 0.8333333333333334,
    "recall": 0.875,
    "f1-score": 0.8536585365853658,
    "support": 40.0
  },
  "extra_charge_on_statement": {
    "precision": 0.9210526315789473,
    "recall": 0.875,
    "f1-score": 0.8974358974358975,
    "support": 40.0
  },
  "failed_transfer": {
    "precision": 0.8,
    "recall": 0.9,
    "f1-score": 0.8470588235294118,
    "support": 40.0
  },
  "fiat_currency_support": {
    "precision": 0.8974358974358975,
    "recall": 0.875,
    "f1-score": 0.8860759493670886,
    "support": 40.0
  },
  "get_disposable_virtual_card": {
    "precision": 0.9166666666666666,
    "recall": 0.825,
    "f1-score": 0.868421052631579,
    "support": 40.0
  },
  "get_physical_card": {
    "precision": 0.9523809523809523,
    "recall": 1.0,
    "f1-score": 0.975609756097561,
    "support": 40.0
  },
  "getting_spare_card": {
    "precision": 0.8666666666666667,
    "recall": 0.975,
    "f1-score": 0.9176470588235294,
    "support": 40.0
  },
  "getting_virtual_card": {
    "precision": 0.8297872340425532,
    "recall": 0.975,
    "f1-score": 0.896551724137931,
    "support": 40.0
  },
  "lost_or_stolen_card": {
    "precision": 0.9024390243902439,
    "recall": 0.925,
    "f1-score": 0.9135802469135802,
    "support": 40.0
  },
  "lost_or_stolen_phone": {
    "precision": 0.975,
    "recall": 0.975,
    "f1-score": 0.975,
    "support": 40.0
  },
  "order_physical_card": {
    "precision": 0.95,
    "recall": 0.95,
    "f1-score": 0.95,
    "support": 40.0
  },
  "passcode_forgotten": {
    "precision": 1.0,
    "recall": 1.0,
    "f1-score": 1.0,
    "support": 40.0
  },
  "pending_card_payment": {
    "precision": 0.925,
    "recall": 0.925,
    "f1-score": 0.925,
    "support": 40.0
  },
  "pending_cash_withdrawal": {
    "precision": 1.0,
    "recall": 0.85,
    "f1-score": 0.918918918918919,
    "support": 40.0
  },
  "pending_top_up": {
    "precision": 0.8974358974358975,
    "recall": 0.875,
    "f1-score": 0.8860759493670886,
    "support": 40.0
  },
  "pending_transfer": {
    "precision": 0.9285714285714286,
    "recall": 0.65,
    "f1-score": 0.7647058823529411,
    "support": 40.0
  },
  "pin_blocked": {
    "precision": 0.9722222222222222,
    "recall": 0.875,
    "f1-score": 0.9210526315789473,
    "support": 40.0
  },
  "receiving_money": {
    "precision": 0.9210526315789473,
    "recall": 0.875,
    "f1-score": 0.8974358974358975,
    "support": 40.0
  },
  "request_refund": {
    "precision": 0.8636363636363636,
    "recall": 0.95,
    "f1-score": 0.9047619047619048,
    "support": 40.0
  },
  "reverted_card_payment?": {
    "precision": 0.7659574468085106,
    "recall": 0.9,
    "f1-score": 0.8275862068965517,
    "support": 40.0
  },
  "supported_cards_and_currencies": {
    "precision": 0.8372093023255814,
    "recall": 0.9,
    "f1-score": 0.8674698795180723,
    "support": 40.0
  },
  "terminate_account": {
    "precision": 0.9302325581395349,
    "recall": 1.0,
    "f1-score": 0.963855421686747,
    "support": 40.0
  },
  "top_up_by_bank_transfer_charge": {
    "precision": 0.972972972972973,
    "recall": 0.9,
    "f1-score": 0.935064935064935,
    "support": 40.0
  },